movieId,title
182337,Cinétracts (1968)
205715,Reis (2017)
136102,Costa Azzurra (1959)
185653,WWE: The Top 25 Rivalries in Wrestling History (2013)
182323,Mum's Guest (Mehman-e Maman) (2004)
259741,Rememberer (2017)
142801,Alice in Earnestland (2015)
140765,Carl Panzram: The Spirit of Hatred and Revenge (2012)
146070,Poshter Boyz (2014)
152149,Dionysus in '69 (1972)
166659,Libera Nos (2016)
163130,Cinema Six (2013)
214364,Mannen som blev miljonär (1980)
207660,24 Frames Per Second (1977)
261143,Space Girls (2018)
152635,Black Sea (2009)
171393,Eyyvah Eyvah (2010)
92641,Warsaw Bridge (Pont de Varsòvia) (1990)
170451,Dumbland (2002)
227955,Bad Batch (2010)
175545,Dragstrip Girl (1994)
232045,Gully (2019)
192679,"Parakalo, gynaikes, min klaite... (1992)"
174177,Grandma and the Bad Boys (1900)
157987,The Love Eterne (1963)
275281,Unlicensed Cemetery: The John Wayne Gacy Murders (2002)
215775,Little Heroes (1999)
241660,Requiem for a Heavyweight (1956)
131771,Senior Week (1988)
136526,Thunder In Paradise (1993)
203936,Zombies (2019)
153642,Schoffies (2006)
130239,Warriors Five (1962)
162126,Autobiography of a Princess (1975)
214922,Love. Wedding. Repeat (2020)
138198,Greg Fitzsimmons: Life on Stage (2013)
173953,Don't Give Up the Sheep (1953)
150898,General Nil (2009)
155932,So This Is Love (1953)
155172,The Staple of News (2014)
154386,Normaal: Ik Kom Altied Weer Terug
173863,X500 (2016)
246854,Mandoo (2010)
213610,Le sexe des anges (1977)
136108,Vacanze d'inverno (1959)
131678,Summer Job (1989)
131984,Off the Mark (1987)
260771,"So Close, So Far (2005)"
275439,Field Guide To November Days (2010)
189833,Inheritance
133299,Tar Creek (2009)
185211,Heroes (2008)
213784,Chasing Cotards (2011)
180699,Irish Eyes Are Smiling (1944)
193249,Have You Seen Andy? (2007)
193976,Man of Music (1952)
158224,Dernier atout (1942)
275663,Elevator Trap (2009)
152840,The Grave Digger
225267,The 11th Green (2020)
170757,Type O Negative: After Dark (1998)
216304,Into the Homeland (1987)
207938,3 Bears Christmas (2019)
178781,"Jara Cimrman Lying, Sleeping (1983)"
272117,Alex Murdaugh: Death. Deception. Power (2021)
134224,The Yellow Balloon (1953)
272577,Paper And I (1960)
154120,"Pane, burro e marmellata (1977)"
169980,Fish Heads (1980)
187161,Patient (2017)
129683,Lady Dynamite (1973)
211061,It Was a Faint Dream (1974)
206981,Somnambulists (1978)
148458,Weekend of a Champion (1972)
260991,My America (2014)
123117,The American Success Company (1980)
180841,Interlude In Prague (2017)
125593,Filming 'The Trial' (1981)
153730,Last Known Address (1970)
130342,Ice Poison (2014)
153692,Tamas and Juli (1997)
157057,The Birth of Saké (2015)
228127,Darwin (2016)
155786,"Digby, the Biggest Dog in the World (1973)"
230799,Pravarakyudu (2009)
166665,The Coming War on China (2016)
260069,Dirty Driving: Thundercars Of Indiana (2008)
131108,The Fearless Four (1997)
202729,Sunday (1961)
129524,Je m'appelle Elisabeth (2006)
131276,Hotline (1982)
151457,Bad Boys (1961)
196201,Девочки
129887,Moving Alan
166175,Tanner '88 (1988)
220290,It Couldn't Happen Here (1988)
142612,"Give 'em Hell, Harry! (1975)"
151341,Silvio Forever (2011)
197851,Greedy Humpty Dumpty (1936)
157278,The Sixties (2013)
128544,Hits (2014)
166926,Carne de horca (1953)
153104,Une femme d'extérieur (2000)
286787,Kindering (1987)
151461,Fitoor (2016)
135935,Herman U.S.A. (2001)
189845,National Theatre Live: The Curious Incident of the Dog in the Night-Time (2012)
137855,Terraces (1977)
198561,Eine Nacht in Venedig (1974)
205753,Meet Me in the Dream: Wonderland (1996)
159522,Peccati in famiglia (1975)
168526,Prime Mover (2009)
203318,Waterloo po česku (2003)
142959,Spicy Love Soup (1997)
142723,Rock Rock Rock! (1956)
138316,The Father and the Foreigner (2010)
183375,Three Heroes and the Princess of Egypt (2017)
128193,Greetings from Tim Buckley (2013)
128727,Bizarre (2015)
276927,News from the Good Lord (1996)
154376,Der Kronzeuge (2007)
247164,Pungo a Witch's Tale (2019)
174139,"Annual Baby Parade, 1904, Asbury Park, N.J. (1904)"
141882,A Bunny's Tale (1985)
153314,The Roe's Room (1997)
157735,Fury at Gunsight Pass (1956)
264964,Dreyfus Court Martial - Arrest Of Dreyfus (1899)
126963,The Private Life of a Cat (1944)
150710,The Execution of Raymond Graham (1985)
241366,Moses the Lawgiver (1974)
206945,Boonie Bears: Blast into the Past (2019)
205058,Everybody in The Place: An Incomplete History of Britain 1984-1992 (2018)
145875,Bachelor of Hearts (1958)
197467,A Connecticut Yankee in King Arthur's Court (1970)
174149,The Enchanted Sedan Chair (1905)
151121,The Big Cage (1933)
251676,"Fast Freddie, the Widow and Me (2011)"
213121,The Dawn (2020)
187387,Help! Help! (1912)
169146,Life Can Be So Wonderful (2007)
153094,Destroy Yourselves (1969)
181039,The Music Teacher (1988)
215883,Karnan (1964)
147284,The Return of Bruno (1987)
194773,Negatives (1968)
141936,Preston Castle (2012)
270930,A Dash Through the Clouds (1912)
137648,The Man with the Balloons (1965)
265542,Train Again (2021)
217599,Les Misérables: The Staged Concert (2019)
174553,The Nashville Sound (1970)
184029,The Hairy Tooth Fairy (2006)
157863,Nessuno mi pettina bene come il vento (2014)
146840,Viva l'Italia! (1961)
218785,8989 Redstone (2016)
265034,Monsignor Quixote (1987)
278222,The Rocket On The Roof
165447,My Woman (1933)
179369,Blossoms & Blood (2003)
143539,Titanic at 100: Mystery Solved (2012)
278146,Piąta rano (1970)
124103,Return of the Frontiersman (1950)
168832,The Man Who Was Too Free (2017)
162486,Robo-Dog (2015)
166548,Dvadtsat shest dney iz zhizni Dostoevskogo
142460,Cut Snake (2015)
256625,Hangover in Death Valley (2018)
176123,Two in One (2007)
130532,I giorni contati (1963)
133701,Anthrax (2001)
205042,The Blue Years (2017)
206254,Fly Colt Fly (2014)
241670,Driven to Abstraction (2020)
194678,Taste of Cement (2017)
202976,Remember My Story - ReMoved Part 2 (2015)
269982,Annie (1989)
208973,The Falklands War: The Untold Story
135336,Hard Times For Vampires (1959)
160384,The Millionaire (1931)
137956,Keeping Track (1987)
135663,The Voyage of Captain Fracassa (1990)
183577,Bugs Bunny Nips the Nips (1944)
205633,Early Winter (2015)
150880,Ajlawju (1999)
180645,His Butler's Sister (1943)
242818,Blood Immortal (2019)
192971,Alın Yazısı (1972)
227354,Flavor of Happiness (2008)
167516,Sandow (1896)
140164,Questions for Crazy Horse (2010)
140994,One. Two. One (2011)
185613,Gymnastics for the tail (1979)
144078,Kleinhoff Hotel (1977)
149318,David Bowie - Best Of Bowie (2002)
128431,Blood Story (1972)
170327,The Field Mouse (1941)
122944,The Trans-Atlantic Mystery (1932)
143152,Something to Shout About (1943)
201648,Carry on Jatta (2012)
231675,Family Prayers (1993)
264414,37/78: Tree Again (1978)
181005,The Duke Wore Jeans (1958)
179189,"Dragon Bruce Lee, Part II (1981)"
178725,The Last Confession of Alexander Pearce (2009)
151127,Wake Up and Dream (1934)
190713,Gallagher: Two Real (1981)
138196,Pretty Rosebud (2014)
150838,Fuck for Forest (2012)
154904,Instructions for a Light & Sound Machine (2005)
246126,Burial Path (1978)
154184,Family Film
198389,Buddy the Dentist (1934)
138954,Alice Cooper: Welcome to my Nightmare (1975)
149925,Never Fear (1949)
159445,Nise: The Heart of Madness (2016)
128492,Agent 3S3: Passport to Hell (1965)
126064,Bob's Birthday (1994)
175369,Decanted (2016)
174093,Bugs Bunny and the Three Bears (1944)
158056,Fe (1994)
234027,La nueva cenicienta (1964)
196469,"Ужас, который всегда с тобой (2007)"
221398,Never Die Young (2014)
233617,The Triple Conjurer and the Living Head (1900)
219517,Dead Clever: The Life and Crimes of Julie Bottomley (2007)
280080,Jathilan: Trance and Possession in Java
233815,Son of a Gun (2019)
130968,Champions (1984)
180713,Utopia Blues (2000)
193163,What the Snow Brings (2005)
148960,Winning Dad (2015)
223193,The Unattainable Story (2016)
246944,The Terrible Adventure (2021)
193063,Ana & Bruno (2017)
204114,Le glaive et la balance (1963)
151483,Nebesnyy sud (2012)
175101,Blue Dream (2013)
174559,Mauri (1988)
138738,What Comes Around (1985)
155986,Mad Ship (2012)
220352,Are We Lost Forever (2020)
143389,Les Misérables in Concert - The 25th Anniversary (2010)
193855,"Spring Night, Summer Night (1967)"
192781,Parallel (2017)
177715,Pierre and Sonny Jim (2001)
169496,L'ordre (1973)
132034,The Vals (1982)
203262,Ellen Foster (1997)
236943,Citadel (2021)
166181,Female Werewolf (2015)
218671,Richard II (1997)
281152,Daughter of the Night (1920)
179149,The Hornbacker-Murphy Fight (1894)
124095,Never a Dull Moment (1950)
178235,Locked-In Syndrome (1997)
148210,Hammerhead (1987)
219091,Kid (1984)
223093,Aliens Stole My Body (2020)
146938,Absence (1992)
186373,Nursery Favorites (1913)
141940,Pokémon the Movie: Kyurem vs. the Sword of Justice (2012)
160676,Poor Devil
209671,The Dry Valley (2012)
159283,As in Heaven (1992)
223662,Boys on Film 12: Confession (2014)
154860,Mother (2016)
163406,Death of a Soldier (1986)
264966,Devil's Island - Within the Palisade (1899)
185675,Beneath the Skin (2015)
248524,Closer to God: Jessica's Journey (2012)
147012,1989 (2014)
199337,The Keeper (2019)
262995,Peril from the Planet Mongo (1966)
171519,Nasha Russia: Yaytsa sudby (2010)
154794,You Are Not I (1981)
288277,Warszawa 1956 (1956)
118878,Sekirei (2008)
261239,Rapture (1999)
116098,Passeio com Johnny Guitar (1996)
131992,After School (1988)
147960,Pack Up Your Troubles (1939)
210799,Zone (1995)
236961,Mangrove
181351,Fear of Falling (2011)
136128,Under the Sun of Rome (1948)
166647,Dügün Dernek 2: Sünnet (2015)
262117,Ahir Shah: Dots (2021)
198319,Buddy in Africa (1935)
161072,"10,000 Black Men Named George (2002)"
236127,India From Above
136970,My Life's in Turnaround (1994)
210893,Promised (2019)
146884,I basilischi (1963)
205943,Delitto quasi perfetto (1966)
144952,The Collectors (1999)
191813,Carlitopolis (2006)
146118,Benaam (1974)
152715,The River and Death (1955)
125159,Safety Patrol (1998)
197245,Who Will Save The Roses? (2017)
150421,Man on Horseback (1969)
162892,Fascisti su Marte (2006)
157260,Out on Bail (1990)
145714,Bloody Che Contra (1968)
171151,Boat (2007)
123397,Lotte from Gadgetville (2006)
229611,Jonathan Coulton: Best.Concert.Ever
228267,A Clockwork Blue (1972)
199187,Hoaxed (2019)
245340,Spills and Chills (1949)
151581,Il terrorista (1963)
174837,The Postmaster (1972)
123061,"Goodbye, Mr. President (1987)"
133953,Henry Goes Arizona (1939)
211466,This Joint Is Jumpin' (2001)
189345,The Doctor From India
140431,The Biscuit Eater (1940)
162174,The Last Treasure Hunt (2015)
268212,What Lies West (2019)
268004,Ce que je vois de mon sixième (1901)
282699,Bus Nut (2014)
159341,Dreamplay (1994)
161558,The Best Man Wins (1935)
177173,The Night Shift (2017)
146400,Har Dil Jo Pyar Karega... (2000)
264948,For-Profit Online University (2013)
175271,Forgiveness (2006)
153951,Supercock (1975)
190723,Gallagher: Over Your Head (1984)
146321,Witch from Nepal (1986)
134314,Killers of Kilimanjaro (1959)
154130,I camionisti (1982)
148789,The Hunchedback Horse (1947)
146354,Southwest (2012)
163753,Cypress Edge (2000)
